Fecha,Categoría,Región,Ventas,Cantidad,Beneficio
2024-06-25T00:00:00.000,Ropa,Sur,1214.45,4,276.96
2024-06-24T00:00:00.000,Libros,Norte,1740.2,1,670.71
2024-06-23T00:00:00.000,Electrónica,Norte,867.58,8,251.92
2024-06-21T00:00:00.000,Electrónica,Oeste,1301.38,4,439.07
2024-06-20T00:00:00.000,Libros,Este,1127.69,2,322.89
2024-06-20T00:00:00.000,Electrónica,Norte,502.44,5,109.47
2024-06-17T00:00:00.000,Ropa,Este,422.31,4,86.81
2024-06-15T00:00:00.000,Hogar,Este,1251.79,7,360.07
2024-06-15T00:00:00.000,Deportes,Sur,1238.91,2,367.09
2024-06-15T00:00:00.000,Hogar,Este,1561.73,3,387.61
2024-06-14T00:00:00.000,Deportes,Norte,1240.57,3,147.83
2024-06-12T00:00:00.000,Electrónica,Oeste,476.48,9,156.97
2024-06-09T00:00:00.000,Electrónica,Sur,684.32,7,168.49
2024-06-09T00:00:00.000,Ropa,Centro,1491.18,8,471.54
2024-06-09T00:00:00.000,Electrónica,Este,1419.18,6,565.76
2024-06-09T00:00:00.000,Ropa,Centro,181.15,7,32.39
2024-06-09T00:00:00.000,Libros,Este,1879.03,8,192.28
2024-06-08T00:00:00.000,Deportes,Norte,1282.95,9,258.86
2024-06-08T00:00:00.000,Hogar,Centro,1903.4,7,497.31
2024-06-08T00:00:00.000,Libros,Este,1540.49,8,314.5
2024-06-08T00:00:00.000,Electrónica,Norte,773.67,6,264.24
2024-06-07T00:00:00.000,Ropa,Oeste,566.04,2,219.86
2024-06-06T00:00:00.000,Libros,Sur,805.28,8,83.41
2024-06-05T00:00:00.000,Ropa,Oeste,1627.6,9,588.34
2024-06-05T00:00:00.000,Ropa,Sur,1361.3,8,184.77
2024-06-04T00:00:00.000,Libros,Norte,483.05,1,82.29
2024-06-04T00:00:00.000,Deportes,Oeste,591.06,3,150.25
2024-06-03T00:00:00.000,Ropa,Norte,796.46,1,127.77
2024-06-02T00:00:00.000,Ropa,Este,654.12,9,186.43
2024-06-01T00:00:00.000,Libros,Centro,809.34,5,260.82
2024-06-01T00:00:00.000,Electrónica,Norte,1749.26,7,280.54
2024-06-01T00:00:00.000,Ropa,Este,809.0,1,312.88
2024-05-31T00:00:00.000,Electrónica,Centro,336.5,5,75.88
2024-05-31T00:00:00.000,Ropa,Este,1665.68,7,608.71
2024-05-30T00:00:00.000,Hogar,Oeste,1316.54,9,172.63
2024-05-30T00:00:00.000,Electrónica,Sur,1450.99,1,393.4
2024-05-30T00:00:00.000,Hogar,Este,1509.35,6,469.86
2024-05-28T00:00:00.000,Libros,Oeste,1861.83,6,243.45
2024-05-27T00:00:00.000,Libros,Norte,476.5,5,122.21
2024-05-27T00:00:00.000,Hogar,Centro,1777.88,3,616.08
2024-05-27T00:00:00.000,Deportes,Oeste,1931.78,1,620.97
2024-05-27T00:00:00.000,Deportes,Centro,853.32,3,198.69
2024-05-26T00:00:00.000,Deportes,Este,464.27,5,130.31
2024-05-26T00:00:00.000,Electrónica,Este,1610.01,4,277.03
2024-05-26T00:00:00.000,Hogar,Sur,591.81,6,62.74
2024-05-25T00:00:00.000,Hogar,Centro,1758.82,4,623.42
2024-05-25T00:00:00.000,Ropa,Oeste,446.77,9,128.97
2024-05-25T00:00:00.000,Electrónica,Norte,833.68,3,116.23
2024-05-25T00:00:00.000,Deportes,Oeste,1342.94,8,401.55
2024-05-25T00:00:00.000,Libros,Este,1808.78,1,579.56
2024-05-25T00:00:00.000,Ropa,Oeste,893.99,5,135.42
2024-05-24T00:00:00.000,Electrónica,Oeste,584.44,9,222.02
2024-05-24T00:00:00.000,Hogar,Norte,1553.69,2,220.16
2024-05-23T00:00:00.000,Hogar,Este,1207.44,5,137.43
2024-05-22T00:00:00.000,Hogar,Sur,1623.0,3,507.51
2024-05-22T00:00:00.000,Hogar,Norte,578.34,7,200.57
2024-05-22T00:00:00.000,Deportes,Sur,1787.17,6,578.78
2024-05-20T00:00:00.000,Electrónica,Este,738.45,4,290.39
2024-05-20T00:00:00.000,Electrónica,Centro,1995.38,3,690.76
2024-05-20T00:00:00.000,Ropa,Este,1875.75,7,566.15
2024-05-20T00:00:00.000,Electrónica,Norte,1869.75,6,712.93
2024-05-20T00:00:00.000,Electrónica,Norte,438.03,7,115.37
2024-05-19T00:00:00.000,Electrónica,Norte,87.3,4,17.79
2024-05-19T00:00:00.000,Hogar,Este,457.91,4,62.54
2024-05-18T00:00:00.000,Electrónica,Este,586.81,9,118.18
2024-05-18T00:00:00.000,Libros,Centro,1146.04,7,292.46
2024-05-17T00:00:00.000,Ropa,Sur,1840.93,1,630.37
2024-05-17T00:00:00.000,Hogar,Norte,1963.18,4,356.32
2024-05-17T00:00:00.000,Ropa,Norte,1149.94,6,252.52
2024-05-17T00:00:00.000,Electrónica,Norte,964.76,7,332.3
2024-05-16T00:00:00.000,Ropa,Centro,1595.88,9,217.4
2024-05-16T00:00:00.000,Electrónica,Sur,962.73,8,145.55
2024-05-15T00:00:00.000,Electrónica,Este,1941.36,9,243.8
2024-05-15T00:00:00.000,Libros,Norte,1233.13,2,244.8
2024-05-14T00:00:00.000,Electrónica,Norte,1352.34,9,190.91
2024-05-14T00:00:00.000,Ropa,Oeste,1236.22,9,469.08
2024-05-14T00:00:00.000,Electrónica,Centro,1885.19,3,481.03
2024-05-14T00:00:00.000,Hogar,Norte,1937.13,5,474.72
2024-05-13T00:00:00.000,Ropa,Sur,468.09,3,172.96
2024-05-13T00:00:00.000,Deportes,Este,106.88,6,19.49
2024-05-11T00:00:00.000,Deportes,Sur,1679.86,8,254.6
2024-05-11T00:00:00.000,Ropa,Centro,897.09,2,161.05
2024-05-11T00:00:00.000,Deportes,Este,1164.9,4,320.28
2024-05-10T00:00:00.000,Deportes,Este,687.15,6,185.11
2024-05-08T00:00:00.000,Ropa,Este,1980.71,8,630.33
2024-05-07T00:00:00.000,Hogar,Centro,1362.1,5,335.3
2024-05-07T00:00:00.000,Ropa,Oeste,67.63,7,13.01
2024-05-06T00:00:00.000,Deportes,Norte,1386.01,5,242.92
2024-05-06T00:00:00.000,Ropa,Sur,922.96,1,284.79
2024-05-05T00:00:00.000,Deportes,Norte,1462.97,9,267.07
2024-05-04T00:00:00.000,Electrónica,Sur,1578.33,4,419.94
2024-05-04T00:00:00.000,Electrónica,Este,825.78,6,252.65
2024-05-03T00:00:00.000,Electrónica,Este,1520.78,5,204.92
2024-05-02T00:00:00.000,Ropa,Oeste,1427.93,4,353.71
2024-05-02T00:00:00.000,Hogar,Norte,776.44,2,105.19
2024-04-29T00:00:00.000,Libros,Este,851.82,3,271.73
2024-04-29T00:00:00.000,Electrónica,Norte,480.66,6,50.7
2024-04-29T00:00:00.000,Electrónica,Norte,1695.12,5,201.62
2024-04-28T00:00:00.000,Deportes,Norte,159.54,2,37.82
2024-04-25T00:00:00.000,Electrónica,Centro,150.75,7,30.58
2024-04-25T00:00:00.000,Hogar,Centro,1821.05,7,653.93
2024-04-22T00:00:00.000,Hogar,Sur,1606.67,7,583.72
2024-04-21T00:00:00.000,Electrónica,Centro,1922.26,1,409.3
2024-04-21T00:00:00.000,Libros,Oeste,1891.67,4,748.59
2024-04-21T00:00:00.000,Deportes,Este,734.88,4,102.93
2024-04-21T00:00:00.000,Libros,Sur,356.68,6,113.66
2024-04-20T00:00:00.000,Electrónica,Oeste,372.3,4,120.26
2024-04-20T00:00:00.000,Ropa,Oeste,479.98,5,144.03
2024-04-20T00:00:00.000,Hogar,Norte,1106.43,6,290.74
2024-04-20T00:00:00.000,Electrónica,Norte,1340.73,9,248.22
2024-04-20T00:00:00.000,Libros,Sur,135.6,6,20.37
2024-04-20T00:00:00.000,Electrónica,Este,382.88,2,40.77
2024-04-19T00:00:00.000,Electrónica,Oeste,1163.21,6,269.39
2024-04-19T00:00:00.000,Deportes,Centro,67.66,2,10.68
2024-04-19T00:00:00.000,Electrónica,Sur,946.35,8,167.21
2024-04-18T00:00:00.000,Ropa,Este,1806.87,3,693.14
2024-04-18T00:00:00.000,Ropa,Este,1218.14,8,129.89
2024-04-18T00:00:00.000,Libros,Centro,1186.71,2,148.67
2024-04-18T00:00:00.000,Electrónica,Sur,659.92,4,159.48
2024-04-17T00:00:00.000,Electrónica,Norte,1623.79,3,448.09
2024-04-17T00:00:00.000,Libros,Oeste,1895.59,3,608.91
2024-04-17T00:00:00.000,Electrónica,Este,1201.74,8,301.76
2024-04-16T00:00:00.000,Electrónica,Este,1038.49,3,117.16
2024-04-16T00:00:00.000,Deportes,Centro,1471.28,5,194.81
2024-04-15T00:00:00.000,Libros,Este,87.35,8,27.49
2024-04-15T00:00:00.000,Hogar,Norte,892.44,9,192.98
2024-04-15T00:00:00.000,Electrónica,Norte,1088.38,4,419.71
2024-04-14T00:00:00.000,Electrónica,Norte,1981.82,6,607.43
2024-04-14T00:00:00.000,Electrónica,Norte,799.49,3,253.91
2024-04-13T00:00:00.000,Hogar,Norte,790.52,7,311.71
2024-04-13T00:00:00.000,Ropa,Norte,1030.13,6,334.84
2024-04-13T00:00:00.000,Hogar,Centro,219.68,1,87.81
2024-04-12T00:00:00.000,Libros,Centro,1025.7,8,112.54
2024-04-11T00:00:00.000,Ropa,Centro,723.12,7,103.12
2024-04-10T00:00:00.000,Hogar,Centro,575.55,2,101.54
2024-04-08T00:00:00.000,Hogar,Oeste,1439.61,3,554.6
2024-04-06T00:00:00.000,Hogar,Norte,532.31,7,98.17
2024-04-06T00:00:00.000,Hogar,Sur,746.39,3,137.21
2024-04-06T00:00:00.000,Electrónica,Este,1010.51,1,319.99
2024-04-05T00:00:00.000,Hogar,Oeste,1143.32,9,267.06
2024-04-05T00:00:00.000,Hogar,Oeste,806.26,3,162.58
2024-04-05T00:00:00.000,Electrónica,Sur,1840.57,5,364.0
2024-04-04T00:00:00.000,Electrónica,Centro,1375.26,6,548.24
2024-04-04T00:00:00.000,Deportes,Este,662.06,3,179.22
2024-04-04T00:00:00.000,Electrónica,Oeste,1482.17,1,527.8
2024-04-03T00:00:00.000,Electrónica,Centro,966.48,6,274.1
2024-04-03T00:00:00.000,Ropa,Oeste,461.9,7,78.11
2024-04-02T00:00:00.000,Deportes,Este,1314.22,7,365.24
2024-04-02T00:00:00.000,Electrónica,Oeste,1213.98,7,484.94
2024-04-01T00:00:00.000,Electrónica,Centro,1111.3,8,382.23
2024-04-01T00:00:00.000,Electrónica,Oeste,1994.51,2,752.51
2024-03-31T00:00:00.000,Electrónica,Sur,53.88,3,14.0
2024-03-31T00:00:00.000,Libros,Sur,696.55,6,261.03
2024-03-31T00:00:00.000,Hogar,Este,1450.75,9,368.34
2024-03-30T00:00:00.000,Hogar,Sur,556.11,7,78.53
2024-03-30T00:00:00.000,Libros,Oeste,530.98,7,195.37
2024-03-30T00:00:00.000,Ropa,Centro,912.96,8,108.58
2024-03-28T00:00:00.000,Deportes,Norte,567.39,7,147.14
2024-03-28T00:00:00.000,Electrónica,Oeste,1034.35,8,138.03
2024-03-28T00:00:00.000,Deportes,Oeste,1376.22,3,378.7
2024-03-27T00:00:00.000,Hogar,Oeste,267.61,4,58.71
2024-03-26T00:00:00.000,Hogar,Sur,399.54,4,101.72
2024-03-25T00:00:00.000,Electrónica,Este,520.93,8,130.66
2024-03-25T00:00:00.000,Hogar,Centro,69.46,1,15.88
2024-03-24T00:00:00.000,Hogar,Este,733.52,7,219.41
2024-03-23T00:00:00.000,Libros,Este,1530.62,1,184.71
2024-03-22T00:00:00.000,Hogar,Oeste,1215.45,1,234.37
2024-03-22T00:00:00.000,Hogar,Centro,381.27,4,71.86
2024-03-21T00:00:00.000,Electrónica,Este,479.22,9,101.02
2024-03-21T00:00:00.000,Hogar,Norte,1444.45,6,183.69
2024-03-20T00:00:00.000,Ropa,Sur,1278.98,7,454.89
2024-03-20T00:00:00.000,Ropa,Centro,1683.92,6,225.63
2024-03-19T00:00:00.000,Deportes,Norte,825.34,2,108.81
2024-03-18T00:00:00.000,Libros,Sur,1859.96,1,240.11
2024-03-18T00:00:00.000,Electrónica,Centro,1825.68,7,322.28
2024-03-17T00:00:00.000,Hogar,Este,712.95,8,111.81
2024-03-17T00:00:00.000,Libros,Oeste,895.49,6,290.5
2024-03-17T00:00:00.000,Deportes,Oeste,697.77,9,169.53
2024-03-16T00:00:00.000,Deportes,Sur,354.6,2,110.51
2024-03-16T00:00:00.000,Electrónica,Oeste,302.87,8,99.37
2024-03-16T00:00:00.000,Deportes,Norte,1135.91,6,166.36
2024-03-14T00:00:00.000,Electrónica,Centro,490.94,7,114.7
2024-03-13T00:00:00.000,Hogar,Centro,903.44,4,237.78
2024-03-13T00:00:00.000,Ropa,Oeste,66.31,4,22.46
2024-03-12T00:00:00.000,Electrónica,Centro,462.69,1,163.56
2024-03-12T00:00:00.000,Libros,Norte,1937.73,4,573.72
2024-03-11T00:00:00.000,Ropa,Norte,1179.66,2,223.41
2024-03-11T00:00:00.000,Libros,Norte,336.58,2,127.82
2024-03-10T00:00:00.000,Ropa,Este,1515.91,3,541.26
2024-03-10T00:00:00.000,Electrónica,Centro,1497.39,3,571.5
2024-03-10T00:00:00.000,Deportes,Este,351.92,2,54.03
2024-03-10T00:00:00.000,Ropa,Sur,1425.02,8,203.87
2024-03-10T00:00:00.000,Hogar,Centro,1747.8,8,511.99
2024-03-07T00:00:00.000,Hogar,Norte,543.55,1,112.42
2024-03-06T00:00:00.000,Ropa,Centro,433.02,9,128.06
2024-03-04T00:00:00.000,Ropa,Norte,943.73,5,349.01
2024-03-03T00:00:00.000,Electrónica,Oeste,902.14,5,165.15
2024-03-02T00:00:00.000,Electrónica,Oeste,1245.92,2,323.52
2024-02-29T00:00:00.000,Ropa,Norte,1429.42,5,514.81
2024-02-28T00:00:00.000,Hogar,Centro,1845.44,8,721.29
2024-02-26T00:00:00.000,Hogar,Norte,1831.89,7,729.05
2024-02-26T00:00:00.000,Electrónica,Este,950.35,8,163.98
2024-02-26T00:00:00.000,Libros,Sur,1060.12,2,220.42
2024-02-26T00:00:00.000,Ropa,Este,215.95,5,53.48
2024-02-24T00:00:00.000,Hogar,Este,1442.94,2,383.22
2024-02-24T00:00:00.000,Libros,Oeste,633.8,8,199.4
2024-02-24T00:00:00.000,Deportes,Centro,690.05,3,162.01
2024-02-24T00:00:00.000,Hogar,Oeste,1619.93,5,297.89
2024-02-23T00:00:00.000,Hogar,Norte,875.5,6,172.38
2024-02-23T00:00:00.000,Electrónica,Centro,1341.75,8,166.85
2024-02-22T00:00:00.000,Hogar,Norte,1686.4,4,468.5
2024-02-22T00:00:00.000,Electrónica,Centro,171.93,6,23.46
2024-02-22T00:00:00.000,Electrónica,Este,411.28,9,45.91
2024-02-21T00:00:00.000,Electrónica,Norte,521.94,9,68.07
2024-02-20T00:00:00.000,Deportes,Este,156.54,7,60.39
2024-02-19T00:00:00.000,Ropa,Sur,1370.03,4,309.27
2024-02-19T00:00:00.000,Ropa,Sur,1025.22,1,180.19
2024-02-19T00:00:00.000,Electrónica,Oeste,202.99,3,51.24
2024-02-18T00:00:00.000,Ropa,Este,311.84,4,90.09
2024-02-17T00:00:00.000,Libros,Oeste,1905.41,7,332.77
2024-02-15T00:00:00.000,Electrónica,Norte,330.95,2,56.17
2024-02-15T00:00:00.000,Hogar,Oeste,1717.31,5,541.6
2024-02-15T00:00:00.000,Electrónica,Sur,742.87,7,75.93
2024-02-14T00:00:00.000,Electrónica,Oeste,1702.41,6,497.63
2024-02-14T00:00:00.000,Deportes,Este,380.97,4,134.65
2024-02-13T00:00:00.000,Hogar,Norte,740.83,8,109.77
2024-02-12T00:00:00.000,Libros,Este,707.55,7,242.39
2024-02-12T00:00:00.000,Deportes,Oeste,1359.38,4,381.19
2024-02-11T00:00:00.000,Ropa,Norte,125.91,2,46.74
2024-02-11T00:00:00.000,Electrónica,Centro,1904.31,5,373.66
2024-02-11T00:00:00.000,Ropa,Norte,754.74,2,237.24
2024-02-09T00:00:00.000,Ropa,Oeste,1726.6,3,402.97
2024-02-09T00:00:00.000,Libros,Oeste,1760.83,6,625.36
2024-02-09T00:00:00.000,Ropa,Sur,1404.55,7,437.78
2024-02-08T00:00:00.000,Electrónica,Sur,770.1,5,291.02
2024-02-07T00:00:00.000,Electrónica,Sur,1290.93,1,149.42
2024-02-07T00:00:00.000,Deportes,Norte,50.02,2,14.09
2024-02-07T00:00:00.000,Hogar,Oeste,404.15,4,72.05
2024-02-06T00:00:00.000,Ropa,Oeste,1066.85,8,289.36
2024-02-06T00:00:00.000,Libros,Norte,860.76,2,182.4
2024-02-06T00:00:00.000,Hogar,Centro,1951.92,7,692.9
2024-02-05T00:00:00.000,Libros,Norte,968.37,7,297.12
2024-02-05T00:00:00.000,Electrónica,Este,1119.42,2,379.73
2024-02-05T00:00:00.000,Libros,Este,367.92,2,44.77
2024-02-05T00:00:00.000,Libros,Oeste,974.15,7,143.72
2024-02-05T00:00:00.000,Electrónica,Sur,52.87,4,12.38
2024-02-04T00:00:00.000,Electrónica,Este,588.82,4,69.92
2024-02-02T00:00:00.000,Electrónica,Centro,749.23,1,268.88
2024-02-02T00:00:00.000,Deportes,Centro,557.46,3,133.72
2024-02-02T00:00:00.000,Libros,Centro,1417.28,6,342.63
2024-02-01T00:00:00.000,Libros,Sur,1795.92,4,570.04
2024-02-01T00:00:00.000,Ropa,Oeste,1761.07,4,206.39
2024-01-31T00:00:00.000,Hogar,Oeste,935.97,3,182.33
2024-01-31T00:00:00.000,Hogar,Centro,92.73,1,22.5
2024-01-31T00:00:00.000,Ropa,Oeste,1169.86,5,436.27
2024-01-31T00:00:00.000,Ropa,Sur,1073.23,4,423.84
2024-01-29T00:00:00.000,Hogar,Oeste,1868.79,2,595.03
2024-01-29T00:00:00.000,Electrónica,Oeste,125.93,9,48.02
2024-01-28T00:00:00.000,Electrónica,Oeste,571.43,5,123.61
2024-01-28T00:00:00.000,Electrónica,Este,1386.62,2,268.53
2024-01-28T00:00:00.000,Deportes,Centro,1330.43,7,239.64
2024-01-28T00:00:00.000,Libros,Este,745.93,9,152.96
2024-01-27T00:00:00.000,Deportes,Centro,1218.64,8,396.28
2024-01-27T00:00:00.000,Electrónica,Sur,987.74,3,283.88
2024-01-27T00:00:00.000,Deportes,Norte,1896.83,1,424.76
2024-01-26T00:00:00.000,Ropa,Centro,448.67,7,136.52
2024-01-26T00:00:00.000,Electrónica,Este,337.19,2,102.22
2024-01-25T00:00:00.000,Libros,Oeste,1820.4,9,323.81
2024-01-25T00:00:00.000,Hogar,Centro,1392.83,6,479.02
2024-01-24T00:00:00.000,Libros,Este,1556.98,7,216.91
2024-01-23T00:00:00.000,Libros,Oeste,521.86,7,188.26
2024-01-23T00:00:00.000,Ropa,Norte,420.71,6,81.4
2024-01-22T00:00:00.000,Electrónica,Oeste,1054.12,6,108.75
2024-01-22T00:00:00.000,Electrónica,Norte,345.61,7,84.62
2024-01-21T00:00:00.000,Ropa,Centro,535.57,6,141.49
2024-01-21T00:00:00.000,Hogar,Oeste,179.02,3,25.4
2024-01-21T00:00:00.000,Deportes,Centro,1340.25,6,495.79
2024-01-21T00:00:00.000,Electrónica,Norte,607.23,3,115.23
2024-01-21T00:00:00.000,Libros,Sur,1326.57,8,307.79
2024-01-21T00:00:00.000,Ropa,Sur,1917.97,6,688.64
2024-01-20T00:00:00.000,Electrónica,Este,978.85,7,306.06
2024-01-20T00:00:00.000,Electrónica,Oeste,1542.82,2,608.24
2024-01-20T00:00:00.000,Hogar,Centro,180.6,3,52.76
2024-01-19T00:00:00.000,Electrónica,Norte,1316.18,3,259.79
2024-01-16T00:00:00.000,Libros,Oeste,512.02,3,59.97
2024-01-15T00:00:00.000,Ropa,Norte,1199.44,9,153.31
2024-01-15T00:00:00.000,Ropa,Este,73.6,1,22.94
2024-01-15T00:00:00.000,Electrónica,Oeste,1550.43,5,258.77
2024-01-14T00:00:00.000,Deportes,Este,613.33,1,197.33
2024-01-14T00:00:00.000,Hogar,Sur,1948.1,7,650.29
2024-01-13T00:00:00.000,Libros,Oeste,430.57,1,43.33
2024-01-13T00:00:00.000,Electrónica,Sur,367.44,3,143.29
2024-01-12T00:00:00.000,Ropa,Este,1020.2,2,406.18
2024-01-12T00:00:00.000,Deportes,Este,716.72,2,99.46
2024-01-11T00:00:00.000,Hogar,Oeste,1685.06,8,374.7
2024-01-11T00:00:00.000,Electrónica,Este,1335.14,2,181.39
2024-01-10T00:00:00.000,Deportes,Este,99.13,2,20.63
2024-01-09T00:00:00.000,Electrónica,Norte,1407.5,9,551.71
2024-01-09T00:00:00.000,Libros,Este,995.93,2,109.29
2024-01-09T00:00:00.000,Hogar,Oeste,1884.53,2,618.63
2024-01-08T00:00:00.000,Deportes,Norte,328.54,4,64.19
2024-01-08T00:00:00.000,Libros,Este,1430.06,2,282.91
2024-01-08T00:00:00.000,Deportes,Este,1747.53,8,618.94
2024-01-08T00:00:00.000,Electrónica,Este,615.59,7,172.25
2024-01-06T00:00:00.000,Ropa,Sur,295.7,3,40.62
2024-01-06T00:00:00.000,Electrónica,Sur,1813.5,4,518.52
2024-01-06T00:00:00.000,Libros,Sur,454.7,7,123.52
2024-01-05T00:00:00.000,Electrónica,Norte,200.11,5,60.87
2024-01-04T00:00:00.000,Ropa,Sur,912.47,1,149.59
2024-01-04T00:00:00.000,Deportes,Norte,183.49,4,59.63
2024-01-04T00:00:00.000,Electrónica,Este,521.0,3,177.46
2024-01-02T00:00:00.000,Hogar,Este,174.81,6,35.17
2024-01-02T00:00:00.000,Electrónica,Oeste,1160.6,8,350.58
2023-12-31T00:00:00.000,Electrónica,Oeste,741.13,8,188.98
2023-12-31T00:00:00.000,Hogar,Norte,1942.0,9,314.83
2023-12-31T00:00:00.000,Deportes,Norte,1174.57,5,431.22
2023-12-30T00:00:00.000,Hogar,Sur,567.72,8,116.71
2023-12-29T00:00:00.000,Hogar,Sur,1520.04,1,291.46
2023-12-29T00:00:00.000,Ropa,Centro,1463.76,7,578.44
2023-12-29T00:00:00.000,Deportes,Centro,1508.96,7,523.75
2023-12-27T00:00:00.000,Electrónica,Este,1602.06,4,441.38
2023-12-27T00:00:00.000,Deportes,Centro,1451.54,6,519.94
2023-12-26T00:00:00.000,Ropa,Oeste,1754.44,2,654.76
2023-12-26T00:00:00.000,Electrónica,Centro,1652.57,5,169.99
2023-12-25T00:00:00.000,Electrónica,Este,70.05,6,18.08
2023-12-25T00:00:00.000,Libros,Oeste,412.97,4,145.9
2023-12-24T00:00:00.000,Hogar,Este,278.55,7,97.93
2023-12-23T00:00:00.000,Hogar,Este,1687.61,6,543.34
2023-12-22T00:00:00.000,Deportes,Centro,412.18,8,66.3
2023-12-22T00:00:00.000,Electrónica,Este,1099.14,2,285.17
2023-12-20T00:00:00.000,Hogar,Este,1061.47,4,303.33
2023-12-16T00:00:00.000,Ropa,Centro,1618.61,7,305.31
2023-12-16T00:00:00.000,Ropa,Norte,1206.66,5,362.48
2023-12-16T00:00:00.000,Ropa,Sur,556.17,2,149.38
2023-12-16T00:00:00.000,Libros,Este,1330.67,9,517.14
2023-12-15T00:00:00.000,Electrónica,Centro,608.71,5,69.62
2023-12-15T00:00:00.000,Hogar,Oeste,1642.72,1,267.71
2023-12-15T00:00:00.000,Libros,Este,1268.5,4,317.89
2023-12-15T00:00:00.000,Libros,Norte,713.8,1,259.68
2023-12-14T00:00:00.000,Deportes,Centro,814.13,3,155.13
2023-12-14T00:00:00.000,Ropa,Centro,1793.48,4,614.02
2023-12-14T00:00:00.000,Electrónica,Oeste,364.66,9,79.58
2023-12-14T00:00:00.000,Deportes,Centro,770.67,4,277.19
2023-12-13T00:00:00.000,Electrónica,Norte,593.35,7,148.26
2023-12-12T00:00:00.000,Libros,Centro,1340.84,3,389.88
2023-12-12T00:00:00.000,Deportes,Sur,773.33,4,302.28
2023-12-12T00:00:00.000,Libros,Oeste,866.28,8,310.7
2023-12-12T00:00:00.000,Deportes,Este,843.27,7,91.18
2023-12-12T00:00:00.000,Deportes,Norte,1989.9,9,687.09
2023-12-12T00:00:00.000,Electrónica,Norte,229.53,2,26.66
2023-12-12T00:00:00.000,Electrónica,Este,1572.23,6,519.45
2023-12-10T00:00:00.000,Ropa,Este,1280.3,4,217.55
2023-12-10T00:00:00.000,Hogar,Centro,677.26,9,219.98
2023-12-08T00:00:00.000,Ropa,Este,1423.88,5,349.43
2023-12-08T00:00:00.000,Electrónica,Oeste,768.48,4,143.22
2023-12-08T00:00:00.000,Electrónica,Este,1361.89,7,350.36
2023-12-08T00:00:00.000,Libros,Norte,1210.67,6,281.14
2023-12-08T00:00:00.000,Electrónica,Centro,1035.99,6,192.05
2023-12-07T00:00:00.000,Ropa,Centro,928.0,2,282.22
2023-12-06T00:00:00.000,Deportes,Sur,1529.61,3,319.66
2023-12-06T00:00:00.000,Hogar,Oeste,1437.86,4,529.88
2023-12-05T00:00:00.000,Electrónica,Oeste,1907.99,7,687.96
2023-12-04T00:00:00.000,Electrónica,Sur,816.73,6,254.65
2023-12-04T00:00:00.000,Ropa,Sur,704.44,3,221.05
2023-12-04T00:00:00.000,Hogar,Sur,367.26,2,117.47
2023-12-03T00:00:00.000,Libros,Este,524.62,2,141.93
2023-12-02T00:00:00.000,Hogar,Norte,896.34,9,288.28
2023-12-01T00:00:00.000,Electrónica,Este,1259.92,2,293.65
2023-12-01T00:00:00.000,Electrónica,Centro,1529.49,9,610.33
2023-11-30T00:00:00.000,Electrónica,Este,1771.68,3,318.96
2023-11-27T00:00:00.000,Hogar,Norte,616.48,1,87.4
2023-11-27T00:00:00.000,Libros,Sur,600.87,3,139.16
2023-11-26T00:00:00.000,Deportes,Norte,1446.97,1,171.7
2023-11-26T00:00:00.000,Ropa,Sur,814.58,3,281.08
2023-11-26T00:00:00.000,Electrónica,Oeste,1230.99,8,487.15
2023-11-25T00:00:00.000,Electrónica,Sur,111.9,7,39.3
2023-11-24T00:00:00.000,Electrónica,Oeste,1044.22,7,344.97
2023-11-23T00:00:00.000,Electrónica,Norte,536.85,2,123.85
2023-11-23T00:00:00.000,Electrónica,Oeste,250.01,3,76.39
2023-11-22T00:00:00.000,Electrónica,Norte,1682.87,9,427.21
2023-11-22T00:00:00.000,Deportes,Sur,684.33,8,106.61
2023-11-21T00:00:00.000,Hogar,Centro,230.62,5,80.94
2023-11-20T00:00:00.000,Deportes,Norte,1182.36,1,346.84
2023-11-20T00:00:00.000,Deportes,Norte,1688.21,1,400.76
2023-11-19T00:00:00.000,Hogar,Norte,1478.76,2,515.81
2023-11-19T00:00:00.000,Electrónica,Norte,738.27,4,226.96
2023-11-18T00:00:00.000,Electrónica,Centro,376.35,9,64.69
2023-11-17T00:00:00.000,Hogar,Centro,247.68,6,57.9
2023-11-17T00:00:00.000,Deportes,Oeste,742.1,1,188.63
2023-11-16T00:00:00.000,Ropa,Centro,1487.98,1,482.39
2023-11-16T00:00:00.000,Hogar,Este,1213.86,8,442.8
2023-11-16T00:00:00.000,Hogar,Norte,1095.07,9,326.33
2023-11-15T00:00:00.000,Electrónica,Este,151.38,3,46.48
2023-11-14T00:00:00.000,Electrónica,Oeste,453.8,4,83.99
2023-11-14T00:00:00.000,Ropa,Oeste,1233.35,8,182.77
2023-11-14T00:00:00.000,Ropa,Centro,1595.56,3,310.69
2023-11-12T00:00:00.000,Deportes,Norte,448.42,5,112.83
2023-11-12T00:00:00.000,Libros,Oeste,1923.22,3,498.15
2023-11-11T00:00:00.000,Electrónica,Oeste,1861.82,9,217.3
2023-11-10T00:00:00.000,Electrónica,Oeste,198.67,4,74.19
2023-11-10T00:00:00.000,Electrónica,Este,1488.88,7,415.29
2023-11-09T00:00:00.000,Electrónica,Sur,1004.77,8,237.65
2023-11-09T00:00:00.000,Hogar,Sur,1249.5,9,327.07
2023-11-08T00:00:00.000,Ropa,Oeste,235.09,5,56.82
2023-11-05T00:00:00.000,Hogar,Norte,1905.32,1,220.67
2023-11-05T00:00:00.000,Hogar,Centro,65.29,9,23.42
2023-11-04T00:00:00.000,Hogar,Sur,430.2,5,104.38
2023-11-02T00:00:00.000,Libros,Centro,1340.28,4,247.54
2023-11-02T00:00:00.000,Ropa,Este,323.63,4,84.42
2023-11-01T00:00:00.000,Hogar,Norte,346.49,3,80.89
2023-11-01T00:00:00.000,Hogar,Este,874.32,6,94.48
2023-11-01T00:00:00.000,Ropa,Oeste,1408.04,4,539.65
2023-10-31T00:00:00.000,Deportes,Oeste,1906.83,3,552.94
2023-10-30T00:00:00.000,Electrónica,Centro,179.6,9,45.33
2023-10-30T00:00:00.000,Hogar,Sur,1800.94,5,671.14
2023-10-29T00:00:00.000,Ropa,Norte,943.94,3,325.5
2023-10-29T00:00:00.000,Ropa,Norte,76.8,2,23.98
2023-10-29T00:00:00.000,Deportes,Este,1674.02,3,458.16
2023-10-28T00:00:00.000,Electrónica,Norte,1129.07,5,181.15
2023-10-27T00:00:00.000,Hogar,Este,1352.13,5,209.06
2023-10-25T00:00:00.000,Deportes,Norte,1111.77,6,318.05
2023-10-24T00:00:00.000,Hogar,Este,1684.55,9,444.83
2023-10-23T00:00:00.000,Libros,Oeste,1643.1,6,352.06
2023-10-23T00:00:00.000,Ropa,Oeste,1349.87,8,439.86
2023-10-23T00:00:00.000,Libros,Norte,158.43,1,32.16
2023-10-23T00:00:00.000,Electrónica,Centro,992.2,2,151.06
2023-10-23T00:00:00.000,Electrónica,Sur,433.47,4,61.42
2023-10-22T00:00:00.000,Libros,Sur,1712.47,5,426.08
2023-10-21T00:00:00.000,Hogar,Oeste,1472.22,7,513.73
2023-10-19T00:00:00.000,Ropa,Oeste,1176.89,2,385.75
2023-10-19T00:00:00.000,Deportes,Centro,583.6,2,232.2
2023-10-18T00:00:00.000,Electrónica,Sur,108.55,3,11.08
2023-10-16T00:00:00.000,Ropa,Oeste,1364.29,2,344.81
2023-10-16T00:00:00.000,Electrónica,Norte,592.82,7,104.45
2023-10-16T00:00:00.000,Ropa,Norte,281.08,1,66.24
2023-10-16T00:00:00.000,Hogar,Norte,1917.28,6,349.4
2023-10-16T00:00:00.000,Deportes,Oeste,1078.97,9,126.59
2023-10-15T00:00:00.000,Electrónica,Norte,513.08,3,172.03
2023-10-15T00:00:00.000,Ropa,Este,838.83,5,131.78
2023-10-14T00:00:00.000,Ropa,Oeste,1937.75,7,681.16
2023-10-13T00:00:00.000,Electrónica,Norte,232.86,8,50.3
2023-10-12T00:00:00.000,Deportes,Sur,1513.02,5,251.1
2023-10-12T00:00:00.000,Deportes,Este,1486.24,4,524.1
2023-10-12T00:00:00.000,Ropa,Centro,780.37,9,147.46
2023-10-12T00:00:00.000,Hogar,Centro,438.58,2,107.31
2023-10-12T00:00:00.000,Libros,Oeste,1370.92,1,278.18
2023-10-11T00:00:00.000,Libros,Sur,1935.72,7,665.3
2023-10-10T00:00:00.000,Ropa,Sur,508.2,7,86.13
2023-10-10T00:00:00.000,Electrónica,Norte,449.13,1,87.31
2023-10-10T00:00:00.000,Libros,Sur,1001.28,9,333.74
2023-10-09T00:00:00.000,Libros,Este,1770.99,4,684.25
2023-10-09T00:00:00.000,Electrónica,Centro,496.31,8,84.88
2023-10-08T00:00:00.000,Libros,Norte,1928.55,3,558.44
2023-10-08T00:00:00.000,Electrónica,Sur,1336.05,6,163.79
2023-10-07T00:00:00.000,Electrónica,Oeste,1242.35,2,290.52
2023-10-07T00:00:00.000,Deportes,Oeste,1935.35,6,573.67
2023-10-07T00:00:00.000,Electrónica,Oeste,538.41,3,54.46
2023-10-06T00:00:00.000,Ropa,Norte,1845.49,4,260.31
2023-10-05T00:00:00.000,Libros,Norte,1427.18,5,435.48
2023-10-04T00:00:00.000,Hogar,Centro,521.69,1,205.17
2023-10-04T00:00:00.000,Libros,Este,1991.48,9,234.43
2023-10-04T00:00:00.000,Ropa,Oeste,1115.54,8,193.73
2023-10-04T00:00:00.000,Electrónica,Oeste,1467.76,7,313.32
2023-10-04T00:00:00.000,Hogar,Oeste,1654.82,5,233.18
2023-10-01T00:00:00.000,Libros,Este,1723.15,3,476.09
2023-10-01T00:00:00.000,Hogar,Oeste,1714.88,8,403.65
2023-09-30T00:00:00.000,Ropa,Norte,1099.75,9,404.73
2023-09-30T00:00:00.000,Deportes,Norte,752.83,8,92.07
2023-09-29T00:00:00.000,Deportes,Norte,660.17,2,235.46
2023-09-28T00:00:00.000,Ropa,Sur,979.96,6,260.81
2023-09-28T00:00:00.000,Hogar,Oeste,1631.69,7,620.3
2023-09-27T00:00:00.000,Electrónica,Sur,365.26,8,48.08
2023-09-27T00:00:00.000,Libros,Este,1994.61,2,625.01
2023-09-26T00:00:00.000,Electrónica,Este,1227.09,3,350.32
2023-09-25T00:00:00.000,Libros,Este,1027.96,6,314.64
2023-09-25T00:00:00.000,Electrónica,Este,1293.49,8,448.18
2023-09-25T00:00:00.000,Ropa,Sur,1402.56,7,450.73
2023-09-25T00:00:00.000,Hogar,Sur,993.78,6,273.87
2023-09-22T00:00:00.000,Electrónica,Centro,883.82,5,253.71
2023-09-21T00:00:00.000,Hogar,Oeste,1000.17,7,280.92
2023-09-21T00:00:00.000,Libros,Norte,565.34,9,146.65
2023-09-21T00:00:00.000,Electrónica,Sur,904.45,6,107.88
2023-09-20T00:00:00.000,Electrónica,Centro,1433.18,1,348.73
2023-09-18T00:00:00.000,Hogar,Este,1148.65,5,146.39
2023-09-18T00:00:00.000,Electrónica,Norte,507.13,1,182.98
2023-09-18T00:00:00.000,Hogar,Centro,590.17,5,186.17
2023-09-16T00:00:00.000,Libros,Sur,1281.27,8,207.31
2023-09-16T00:00:00.000,Deportes,Centro,1202.7,3,363.46
2023-09-16T00:00:00.000,Libros,Centro,349.7,3,62.51
2023-09-15T00:00:00.000,Ropa,Centro,554.49,4,106.4
2023-09-14T00:00:00.000,Electrónica,Norte,126.01,9,49.9
2023-09-13T00:00:00.000,Hogar,Norte,543.88,4,70.58
2023-09-13T00:00:00.000,Libros,Oeste,648.21,6,159.6
2023-09-13T00:00:00.000,Ropa,Sur,722.91,7,232.09
2023-09-11T00:00:00.000,Hogar,Oeste,828.12,4,288.44
2023-09-11T00:00:00.000,Ropa,Este,132.72,9,31.2
2023-09-11T00:00:00.000,Electrónica,Oeste,172.0,4,24.39
2023-09-11T00:00:00.000,Electrónica,Norte,1404.46,9,548.19
2023-09-11T00:00:00.000,Deportes,Sur,647.6,6,233.05
2023-09-10T00:00:00.000,Ropa,Este,1275.43,4,314.31
2023-09-10T00:00:00.000,Electrónica,Norte,265.34,9,34.54
2023-09-10T00:00:00.000,Deportes,Centro,1623.58,5,189.71
2023-09-10T00:00:00.000,Electrónica,Oeste,679.9,9,171.94
2023-09-10T00:00:00.000,Electrónica,Este,534.33,1,167.53
2023-09-10T00:00:00.000,Ropa,Sur,1120.27,4,405.3
2023-09-09T00:00:00.000,Hogar,Centro,1299.2,5,450.39
2023-09-09T00:00:00.000,Hogar,Oeste,1724.69,2,221.95
2023-09-08T00:00:00.000,Hogar,Oeste,1680.43,9,484.37
2023-09-07T00:00:00.000,Libros,Norte,1432.09,2,288.83
2023-09-06T00:00:00.000,Libros,Este,416.06,5,44.03
2023-09-06T00:00:00.000,Hogar,Centro,1786.3,1,584.26
2023-09-04T00:00:00.000,Libros,Norte,1738.89,1,662.55
2023-09-04T00:00:00.000,Libros,Este,1947.5,2,635.59
2023-09-03T00:00:00.000,Ropa,Norte,698.29,6,221.73
2023-09-01T00:00:00.000,Libros,Sur,918.81,7,101.05
2023-09-01T00:00:00.000,Deportes,Centro,498.16,2,95.27
2023-08-31T00:00:00.000,Hogar,Norte,936.79,2,333.08
2023-08-31T00:00:00.000,Deportes,Sur,901.4,3,205.92
2023-08-30T00:00:00.000,Deportes,Oeste,1905.29,2,425.29
2023-08-30T00:00:00.000,Electrónica,Oeste,1094.53,6,180.1
2023-08-29T00:00:00.000,Deportes,Este,248.52,4,95.98
2023-08-27T00:00:00.000,Libros,Este,407.71,3,70.4
2023-08-27T00:00:00.000,Hogar,Sur,147.97,3,40.92
2023-08-27T00:00:00.000,Ropa,Este,893.08,4,211.77
2023-08-25T00:00:00.000,Ropa,Norte,1239.51,7,384.57
2023-08-25T00:00:00.000,Hogar,Este,599.15,2,168.8
2023-08-24T00:00:00.000,Deportes,Este,1618.76,1,615.44
2023-08-24T00:00:00.000,Hogar,Este,1767.9,6,268.56
2023-08-23T00:00:00.000,Electrónica,Norte,1345.23,8,424.72
2023-08-23T00:00:00.000,Electrónica,Centro,1264.24,6,412.06
2023-08-22T00:00:00.000,Hogar,Oeste,184.56,4,19.61
2023-08-21T00:00:00.000,Hogar,Norte,534.35,5,60.0
2023-08-21T00:00:00.000,Hogar,Centro,848.35,6,304.89
2023-08-21T00:00:00.000,Electrónica,Centro,1210.84,6,166.36
2023-08-21T00:00:00.000,Libros,Sur,1258.08,9,341.01
2023-08-21T00:00:00.000,Deportes,Centro,1530.06,9,577.17
2023-08-21T00:00:00.000,Hogar,Este,1104.76,6,341.08
2023-08-19T00:00:00.000,Ropa,Oeste,1578.29,7,212.45
2023-08-19T00:00:00.000,Electrónica,Sur,120.24,2,14.5
2023-08-19T00:00:00.000,Ropa,Sur,686.2,2,87.06
2023-08-19T00:00:00.000,Electrónica,Oeste,1790.49,8,467.52
2023-08-19T00:00:00.000,Electrónica,Norte,1843.09,1,634.98
2023-08-18T00:00:00.000,Ropa,Oeste,1422.21,6,374.96
2023-08-18T00:00:00.000,Ropa,Centro,613.92,6,133.82
2023-08-17T00:00:00.000,Electrónica,Este,1615.15,3,621.12
2023-08-17T00:00:00.000,Electrónica,Sur,1188.24,8,229.59
2023-08-17T00:00:00.000,Hogar,Este,1371.19,9,142.74
2023-08-17T00:00:00.000,Libros,Sur,478.13,7,105.53
2023-08-17T00:00:00.000,Deportes,Centro,118.08,3,19.34
2023-08-16T00:00:00.000,Electrónica,Este,1194.53,2,128.07
2023-08-16T00:00:00.000,Deportes,Oeste,352.1,8,110.91
2023-08-15T00:00:00.000,Deportes,Sur,1921.73,3,363.98
2023-08-15T00:00:00.000,Libros,Este,1471.51,7,437.52
2023-08-14T00:00:00.000,Libros,Oeste,1643.4,2,360.2
2023-08-14T00:00:00.000,Hogar,Centro,108.7,2,27.21
2023-08-13T00:00:00.000,Ropa,Norte,497.26,6,152.24
2023-08-13T00:00:00.000,Ropa,Sur,1569.25,2,489.74
2023-08-13T00:00:00.000,Electrónica,Sur,1571.71,1,317.17
2023-08-13T00:00:00.000,Ropa,Este,299.34,6,102.04
2023-08-13T00:00:00.000,Hogar,Centro,188.76,8,37.35
2023-08-12T00:00:00.000,Deportes,Norte,930.02,6,204.36
2023-08-11T00:00:00.000,Ropa,Norte,361.01,1,121.87
2023-08-11T00:00:00.000,Ropa,Centro,66.22,9,16.91
2023-08-11T00:00:00.000,Libros,Este,777.59,3,286.71
2023-08-10T00:00:00.000,Electrónica,Oeste,351.26,8,118.28
2023-08-08T00:00:00.000,Hogar,Norte,1771.84,3,503.63
2023-08-08T00:00:00.000,Hogar,Oeste,497.72,9,162.02
2023-08-08T00:00:00.000,Libros,Norte,306.84,5,38.14
2023-08-08T00:00:00.000,Electrónica,Oeste,123.26,3,12.86
2023-08-06T00:00:00.000,Hogar,Norte,80.02,6,28.44
2023-08-06T00:00:00.000,Electrónica,Norte,539.45,5,197.41
2023-08-06T00:00:00.000,Electrónica,Este,1351.06,3,480.35
2023-08-05T00:00:00.000,Electrónica,Oeste,197.61,1,22.55
2023-08-05T00:00:00.000,Ropa,Sur,1189.68,8,143.85
2023-08-05T00:00:00.000,Deportes,Este,1554.67,4,492.57
2023-08-05T00:00:00.000,Electrónica,Centro,815.82,1,152.57
2023-08-04T00:00:00.000,Electrónica,Sur,211.34,1,43.87
2023-08-04T00:00:00.000,Ropa,Oeste,1697.5,9,195.47
2023-08-03T00:00:00.000,Electrónica,Este,1839.1,7,351.77
2023-08-03T00:00:00.000,Deportes,Sur,51.27,9,16.54
2023-08-03T00:00:00.000,Hogar,Norte,412.01,7,88.53
2023-08-02T00:00:00.000,Hogar,Centro,768.28,2,292.52
2023-08-01T00:00:00.000,Libros,Este,812.51,8,197.36
2023-07-31T00:00:00.000,Electrónica,Sur,1266.3,7,428.33
2023-07-29T00:00:00.000,Hogar,Norte,325.39,5,93.88
2023-07-29T00:00:00.000,Ropa,Norte,1731.3,8,227.36
2023-07-28T00:00:00.000,Ropa,Oeste,1775.47,1,190.85
2023-07-27T00:00:00.000,Hogar,Centro,1052.02,7,282.53
2023-07-26T00:00:00.000,Libros,Sur,518.78,9,135.09
2023-07-26T00:00:00.000,Libros,Oeste,1544.7,3,502.18
2023-07-25T00:00:00.000,Hogar,Sur,1263.57,5,376.85
2023-07-24T00:00:00.000,Ropa,Oeste,469.08,8,165.04
2023-07-23T00:00:00.000,Deportes,Sur,845.9,1,137.12
2023-07-22T00:00:00.000,Electrónica,Este,643.19,5,178.59
2023-07-22T00:00:00.000,Electrónica,Centro,506.7,3,152.48
2023-07-21T00:00:00.000,Electrónica,Este,1157.07,1,308.0
2023-07-21T00:00:00.000,Libros,Oeste,1526.75,7,547.53
2023-07-20T00:00:00.000,Hogar,Sur,974.8,6,152.15
2023-07-20T00:00:00.000,Electrónica,Centro,1704.43,5,375.74
2023-07-20T00:00:00.000,Electrónica,Norte,1446.3,3,397.39
2023-07-20T00:00:00.000,Ropa,Centro,774.86,3,84.86
2023-07-17T00:00:00.000,Electrónica,Norte,487.37,2,108.86
2023-07-17T00:00:00.000,Electrónica,Centro,376.61,7,143.62
2023-07-15T00:00:00.000,Hogar,Centro,460.49,6,165.72
2023-07-15T00:00:00.000,Deportes,Este,610.55,3,115.94
2023-07-15T00:00:00.000,Ropa,Oeste,1478.83,9,229.42
2023-07-14T00:00:00.000,Libros,Sur,792.01,9,177.18
2023-07-14T00:00:00.000,Electrónica,Centro,580.29,9,200.88
2023-07-14T00:00:00.000,Hogar,Centro,1602.67,7,340.98
2023-07-13T00:00:00.000,Electrónica,Oeste,1821.45,6,651.1
2023-07-13T00:00:00.000,Libros,Este,739.89,8,210.99
2023-07-13T00:00:00.000,Hogar,Sur,1290.08,3,201.58
2023-07-11T00:00:00.000,Ropa,Centro,128.68,6,30.15
2023-07-11T00:00:00.000,Ropa,Este,440.55,2,78.08
2023-07-11T00:00:00.000,Ropa,Norte,1732.15,1,475.42
2023-07-11T00:00:00.000,Libros,Este,1082.84,5,151.26
2023-07-10T00:00:00.000,Ropa,Sur,151.08,4,24.92
2023-07-10T00:00:00.000,Electrónica,Oeste,373.21,5,41.26
2023-07-09T00:00:00.000,Libros,Este,867.92,8,305.51
2023-07-09T00:00:00.000,Libros,Sur,1488.94,6,375.22
2023-07-09T00:00:00.000,Deportes,Oeste,373.21,1,89.11
2023-07-09T00:00:00.000,Libros,Norte,212.93,6,75.65
2023-07-09T00:00:00.000,Hogar,Sur,1942.82,2,579.95
2023-07-08T00:00:00.000,Electrónica,Norte,578.64,1,130.48
2023-07-07T00:00:00.000,Hogar,Sur,1022.85,9,173.43
2023-07-06T00:00:00.000,Hogar,Sur,640.72,6,106.46
2023-07-05T00:00:00.000,Electrónica,Centro,1327.59,5,523.54
2023-07-03T00:00:00.000,Electrónica,Este,642.69,6,199.41
2023-07-03T00:00:00.000,Ropa,Sur,355.13,5,59.03
2023-07-02T00:00:00.000,Ropa,Centro,416.44,2,105.76
2023-07-01T00:00:00.000,Libros,Este,388.32,3,145.29
2023-07-01T00:00:00.000,Ropa,Norte,1660.14,2,567.82
2023-07-01T00:00:00.000,Hogar,Norte,1724.59,8,261.4
2023-07-01T00:00:00.000,Deportes,Norte,935.28,9,176.71
2023-06-30T00:00:00.000,Deportes,Norte,1816.87,5,211.4
2023-06-29T00:00:00.000,Electrónica,Centro,248.69,8,46.24
2023-06-29T00:00:00.000,Ropa,Oeste,1857.89,4,644.92
2023-06-28T00:00:00.000,Ropa,Centro,1947.5,7,264.29
2023-06-28T00:00:00.000,Deportes,Norte,406.53,4,73.04
2023-06-27T00:00:00.000,Ropa,Este,109.4,4,13.95
2023-06-27T00:00:00.000,Ropa,Norte,1040.22,5,229.79
2023-06-26T00:00:00.000,Electrónica,Oeste,328.85,8,82.13
2023-06-26T00:00:00.000,Hogar,Este,1585.4,6,568.76
2023-06-26T00:00:00.000,Deportes,Sur,1717.2,1,276.55
2023-06-25T00:00:00.000,Hogar,Centro,160.34,4,54.34
2023-06-24T00:00:00.000,Hogar,Norte,514.39,2,195.32
2023-06-23T00:00:00.000,Hogar,Este,537.42,6,192.53
2023-06-22T00:00:00.000,Ropa,Norte,937.59,7,145.91
2023-06-22T00:00:00.000,Ropa,Sur,1403.2,4,183.41
2023-06-22T00:00:00.000,Electrónica,Sur,1235.12,7,224.13
2023-06-21T00:00:00.000,Deportes,Oeste,1846.55,6,253.58
2023-06-21T00:00:00.000,Hogar,Sur,823.28,8,152.07
2023-06-20T00:00:00.000,Deportes,Sur,391.68,4,155.72
2023-06-19T00:00:00.000,Hogar,Centro,1094.33,5,324.07
2023-06-17T00:00:00.000,Electrónica,Sur,921.09,1,289.85
2023-06-17T00:00:00.000,Electrónica,Norte,1206.04,9,319.73
2023-06-17T00:00:00.000,Hogar,Sur,1442.4,9,486.91
2023-06-17T00:00:00.000,Ropa,Norte,1054.26,2,214.92
2023-06-16T00:00:00.000,Libros,Norte,1596.63,6,386.71
2023-06-16T00:00:00.000,Electrónica,Este,1509.29,3,398.75
2023-06-15T00:00:00.000,Libros,Sur,1512.46,7,463.93
2023-06-14T00:00:00.000,Hogar,Centro,650.2,4,143.87
2023-06-14T00:00:00.000,Electrónica,Norte,1799.86,8,592.44
2023-06-14T00:00:00.000,Libros,Centro,598.05,7,120.49
2023-06-12T00:00:00.000,Electrónica,Centro,1958.12,5,309.28
2023-06-12T00:00:00.000,Ropa,Este,187.46,6,42.64
2023-06-11T00:00:00.000,Libros,Este,1955.75,3,476.44
2023-06-11T00:00:00.000,Hogar,Norte,1999.14,3,244.87
2023-06-10T00:00:00.000,Libros,Este,1720.25,5,415.26
2023-06-10T00:00:00.000,Libros,Este,610.88,9,77.05
2023-06-10T00:00:00.000,Ropa,Centro,1026.18,4,281.98
2023-06-10T00:00:00.000,Ropa,Este,1163.96,4,418.86
2023-06-09T00:00:00.000,Deportes,Centro,1184.16,7,184.11
2023-06-09T00:00:00.000,Libros,Norte,1460.72,9,451.15
2023-06-09T00:00:00.000,Libros,Este,628.29,2,218.51
2023-06-08T00:00:00.000,Electrónica,Sur,1736.08,5,331.57
2023-06-07T00:00:00.000,Electrónica,Este,1737.33,4,630.62
2023-06-07T00:00:00.000,Electrónica,Norte,1373.07,7,413.98
2023-06-06T00:00:00.000,Deportes,Norte,1617.42,6,524.01
2023-06-06T00:00:00.000,Hogar,Oeste,503.39,3,91.29
2023-06-06T00:00:00.000,Libros,Sur,1856.08,8,226.26
2023-06-06T00:00:00.000,Libros,Sur,639.72,4,146.92
2023-06-05T00:00:00.000,Hogar,Norte,766.41,4,175.97
2023-06-04T00:00:00.000,Hogar,Oeste,183.29,6,68.76
2023-06-03T00:00:00.000,Hogar,Centro,256.52,7,63.92
2023-06-03T00:00:00.000,Electrónica,Oeste,1330.62,5,139.71
2023-06-02T00:00:00.000,Libros,Sur,723.42,2,237.13
2023-06-02T00:00:00.000,Ropa,Oeste,230.1,3,91.68
2023-06-01T00:00:00.000,Electrónica,Oeste,1869.2,4,534.12
2023-05-31T00:00:00.000,Hogar,Oeste,1514.0,6,491.84
2023-05-31T00:00:00.000,Electrónica,Este,1007.64,5,356.4
2023-05-31T00:00:00.000,Ropa,Norte,1338.98,6,466.96
2023-05-30T00:00:00.000,Deportes,Centro,837.02,4,112.04
2023-05-29T00:00:00.000,Libros,Sur,528.44,9,102.97
2023-05-29T00:00:00.000,Deportes,Sur,1526.24,9,387.44
2023-05-28T00:00:00.000,Hogar,Sur,391.49,5,96.53
2023-05-28T00:00:00.000,Deportes,Este,1970.47,3,701.25
2023-05-27T00:00:00.000,Libros,Norte,1556.9,7,299.05
2023-05-27T00:00:00.000,Hogar,Centro,1623.05,9,502.95
2023-05-26T00:00:00.000,Hogar,Este,1268.0,7,485.28
2023-05-26T00:00:00.000,Electrónica,Sur,719.6,7,98.92
2023-05-26T00:00:00.000,Hogar,Oeste,1593.54,9,307.7
2023-05-25T00:00:00.000,Deportes,Sur,782.16,7,109.51
2023-05-25T00:00:00.000,Hogar,Este,184.64,6,72.58
2023-05-25T00:00:00.000,Libros,Este,78.04,3,13.86
2023-05-25T00:00:00.000,Hogar,Norte,461.05,1,100.8
2023-05-24T00:00:00.000,Hogar,Oeste,997.95,5,345.63
2023-05-24T00:00:00.000,Hogar,Oeste,376.28,4,91.6
2023-05-24T00:00:00.000,Hogar,Oeste,1857.87,4,249.46
2023-05-24T00:00:00.000,Hogar,Centro,1658.25,1,255.17
2023-05-24T00:00:00.000,Deportes,Centro,1496.7,9,202.75
2023-05-23T00:00:00.000,Electrónica,Este,1961.72,4,539.52
2023-05-23T00:00:00.000,Ropa,Centro,188.52,9,34.59
2023-05-23T00:00:00.000,Hogar,Centro,384.8,1,90.46
2023-05-21T00:00:00.000,Deportes,Norte,1565.25,1,181.21
2023-05-21T00:00:00.000,Electrónica,Centro,563.33,4,78.15
2023-05-20T00:00:00.000,Hogar,Este,1684.4,7,291.81
2023-05-19T00:00:00.000,Ropa,Centro,885.97,6,288.01
2023-05-19T00:00:00.000,Electrónica,Centro,1002.57,7,217.19
2023-05-18T00:00:00.000,Electrónica,Oeste,1283.16,2,464.77
2023-05-17T00:00:00.000,Hogar,Norte,154.03,9,21.56
2023-05-17T00:00:00.000,Libros,Centro,1732.84,1,228.6
2023-05-17T00:00:00.000,Libros,Oeste,392.21,3,91.72
2023-05-15T00:00:00.000,Electrónica,Norte,1533.97,6,462.46
2023-05-15T00:00:00.000,Electrónica,Oeste,1017.7,2,162.63
2023-05-14T00:00:00.000,Electrónica,Norte,1653.64,6,385.72
2023-05-14T00:00:00.000,Ropa,Centro,483.6,8,76.21
2023-05-13T00:00:00.000,Ropa,Este,1979.43,4,433.57
2023-05-13T00:00:00.000,Ropa,Sur,362.9,3,80.09
2023-05-13T00:00:00.000,Hogar,Este,1178.67,4,374.89
2023-05-12T00:00:00.000,Electrónica,Centro,1031.11,1,185.15
2023-05-12T00:00:00.000,Electrónica,Sur,171.67,3,57.66
2023-05-11T00:00:00.000,Hogar,Norte,147.46,2,33.14
2023-05-11T00:00:00.000,Libros,Centro,1042.34,3,314.18
2023-05-11T00:00:00.000,Electrónica,Este,337.24,5,69.11
2023-05-10T00:00:00.000,Electrónica,Este,862.3,5,216.53
2023-05-10T00:00:00.000,Electrónica,Norte,1035.74,9,160.39
2023-05-10T00:00:00.000,Electrónica,Este,1514.8,5,466.8
2023-05-09T00:00:00.000,Ropa,Sur,1703.68,6,639.48
2023-05-08T00:00:00.000,Hogar,Sur,1677.41,9,432.16
2023-05-08T00:00:00.000,Deportes,Oeste,1261.52,2,225.21
2023-05-08T00:00:00.000,Electrónica,Este,1703.81,9,300.34
2023-05-07T00:00:00.000,Deportes,Norte,1314.58,7,263.05
2023-05-07T00:00:00.000,Electrónica,Sur,1784.56,8,409.31
2023-05-06T00:00:00.000,Electrónica,Sur,1363.61,5,226.49
2023-05-06T00:00:00.000,Electrónica,Norte,878.46,6,259.37
2023-05-06T00:00:00.000,Deportes,Oeste,1325.97,3,416.18
2023-05-05T00:00:00.000,Ropa,Oeste,270.94,5,44.91
2023-05-04T00:00:00.000,Deportes,Norte,874.13,4,295.4
2023-05-03T00:00:00.000,Hogar,Oeste,499.31,8,79.03
2023-05-02T00:00:00.000,Electrónica,Este,556.81,4,209.73
2023-05-02T00:00:00.000,Deportes,Sur,452.19,6,97.06
2023-05-01T00:00:00.000,Hogar,Oeste,1412.95,4,316.96
2023-04-30T00:00:00.000,Electrónica,Este,146.75,8,56.36
2023-04-30T00:00:00.000,Ropa,Sur,1409.56,9,432.23
2023-04-30T00:00:00.000,Electrónica,Oeste,1905.28,4,482.59
2023-04-29T00:00:00.000,Hogar,Este,1694.49,7,676.53
2023-04-29T00:00:00.000,Libros,Centro,1662.37,2,651.38
2023-04-28T00:00:00.000,Deportes,Norte,474.45,1,58.47
2023-04-28T00:00:00.000,Electrónica,Este,718.16,9,167.56
2023-04-28T00:00:00.000,Libros,Este,87.33,6,10.82
2023-04-28T00:00:00.000,Libros,Centro,1368.25,5,522.14
2023-04-28T00:00:00.000,Electrónica,Este,1314.85,4,445.73
2023-04-27T00:00:00.000,Deportes,Sur,255.42,4,66.72
2023-04-27T00:00:00.000,Hogar,Centro,1307.25,7,194.87
2023-04-27T00:00:00.000,Libros,Oeste,1266.12,1,262.58
2023-04-26T00:00:00.000,Ropa,Centro,1364.34,7,340.76
2023-04-25T00:00:00.000,Deportes,Este,944.93,2,298.92
2023-04-25T00:00:00.000,Electrónica,Centro,1896.96,7,548.82
2023-04-24T00:00:00.000,Libros,Oeste,1533.12,7,366.72
2023-04-23T00:00:00.000,Ropa,Norte,600.82,7,210.84
2023-04-23T00:00:00.000,Ropa,Norte,1631.21,8,221.19
2023-04-23T00:00:00.000,Deportes,Este,1757.97,8,287.75
2023-04-23T00:00:00.000,Libros,Norte,1414.3,2,511.63
2023-04-23T00:00:00.000,Ropa,Este,959.28,7,221.62
2023-04-22T00:00:00.000,Electrónica,Norte,1730.3,9,466.0
2023-04-21T00:00:00.000,Deportes,Oeste,1038.77,5,158.62
2023-04-21T00:00:00.000,Hogar,Norte,1735.64,6,583.97
2023-04-21T00:00:00.000,Electrónica,Este,1182.85,9,307.83
2023-04-19T00:00:00.000,Ropa,Norte,1540.66,8,536.76
2023-04-19T00:00:00.000,Ropa,Norte,913.46,4,351.08
2023-04-19T00:00:00.000,Deportes,Oeste,1148.62,7,325.13
2023-04-17T00:00:00.000,Hogar,Este,115.67,8,15.45
2023-04-17T00:00:00.000,Deportes,Centro,1290.11,2,284.68
2023-04-16T00:00:00.000,Hogar,Oeste,197.39,2,59.22
2023-04-16T00:00:00.000,Deportes,Oeste,1325.56,6,176.76
2023-04-16T00:00:00.000,Electrónica,Oeste,774.36,3,209.69
2023-04-16T00:00:00.000,Electrónica,Norte,1890.22,2,189.95
2023-04-15T00:00:00.000,Electrónica,Norte,1616.9,4,358.22
2023-04-14T00:00:00.000,Electrónica,Centro,893.9,7,204.93
2023-04-14T00:00:00.000,Ropa,Centro,573.7,3,129.21
2023-04-14T00:00:00.000,Ropa,Centro,1845.94,9,420.5
2023-04-13T00:00:00.000,Deportes,Este,573.64,3,196.0
2023-04-13T00:00:00.000,Deportes,Centro,1177.68,5,464.44
2023-04-13T00:00:00.000,Electrónica,Este,1615.85,4,387.91
2023-04-10T00:00:00.000,Deportes,Centro,171.3,3,20.77
2023-04-10T00:00:00.000,Electrónica,Centro,1955.16,1,277.95
2023-04-09T00:00:00.000,Deportes,Norte,1361.77,4,499.87
2023-04-09T00:00:00.000,Electrónica,Centro,249.91,9,86.49
2023-04-09T00:00:00.000,Electrónica,Norte,915.64,7,217.26
2023-04-09T00:00:00.000,Ropa,Oeste,1175.39,8,315.86
2023-04-09T00:00:00.000,Hogar,Oeste,1252.73,6,416.31
2023-04-09T00:00:00.000,Ropa,Sur,1808.46,8,310.52
2023-04-09T00:00:00.000,Ropa,Oeste,430.72,4,111.05
2023-04-09T00:00:00.000,Libros,Oeste,73.71,5,14.32
2023-04-08T00:00:00.000,Hogar,Sur,1358.76,9,428.29
2023-04-07T00:00:00.000,Electrónica,Sur,550.1,3,174.23
2023-04-06T00:00:00.000,Libros,Oeste,363.33,5,126.26
2023-04-06T00:00:00.000,Electrónica,Centro,539.24,7,192.56
2023-04-06T00:00:00.000,Electrónica,Norte,1036.62,6,141.56
2023-04-06T00:00:00.000,Hogar,Sur,1498.62,8,323.2
2023-04-05T00:00:00.000,Hogar,Sur,955.27,1,260.95
2023-04-05T00:00:00.000,Ropa,Sur,214.9,7,78.8
2023-04-05T00:00:00.000,Hogar,Centro,200.09,5,62.95
2023-04-05T00:00:00.000,Hogar,Sur,1266.8,9,368.25
2023-04-04T00:00:00.000,Electrónica,Oeste,1417.22,3,377.9
2023-04-03T00:00:00.000,Hogar,Este,1400.1,6,143.01
2023-04-02T00:00:00.000,Electrónica,Este,181.63,9,43.46
2023-04-02T00:00:00.000,Hogar,Centro,1963.23,1,698.86
2023-04-01T00:00:00.000,Ropa,Centro,906.46,1,135.41
2023-03-31T00:00:00.000,Ropa,Centro,1796.57,5,199.81
2023-03-31T00:00:00.000,Ropa,Oeste,1923.79,2,726.71
2023-03-31T00:00:00.000,Libros,Centro,532.74,8,73.11
2023-03-30T00:00:00.000,Electrónica,Sur,180.68,7,18.21
2023-03-29T00:00:00.000,Libros,Sur,98.69,3,35.28
2023-03-29T00:00:00.000,Libros,Norte,1785.78,9,342.67
2023-03-28T00:00:00.000,Deportes,Centro,825.84,7,183.64
2023-03-27T00:00:00.000,Ropa,Norte,1154.05,4,416.5
2023-03-27T00:00:00.000,Hogar,Norte,1181.17,3,139.88
2023-03-27T00:00:00.000,Electrónica,Norte,1892.24,8,250.62
2023-03-26T00:00:00.000,Hogar,Oeste,1617.44,6,279.43
2023-03-26T00:00:00.000,Hogar,Sur,294.7,4,91.32
2023-03-25T00:00:00.000,Electrónica,Norte,1697.99,9,222.38
2023-03-24T00:00:00.000,Electrónica,Centro,194.51,9,48.0
2023-03-23T00:00:00.000,Electrónica,Norte,1153.27,9,346.07
2023-03-22T00:00:00.000,Libros,Centro,1783.8,2,194.66
2023-03-22T00:00:00.000,Ropa,Sur,1963.3,8,635.93
2023-03-22T00:00:00.000,Deportes,Oeste,1101.23,3,148.3
2023-03-21T00:00:00.000,Deportes,Este,162.58,4,57.47
2023-03-19T00:00:00.000,Hogar,Oeste,956.77,6,245.65
2023-03-19T00:00:00.000,Ropa,Sur,895.27,1,167.87
2023-03-19T00:00:00.000,Ropa,Este,1567.15,2,193.96
2023-03-19T00:00:00.000,Electrónica,Centro,1659.56,1,629.47
2023-03-19T00:00:00.000,Deportes,Este,925.63,6,221.31
2023-03-17T00:00:00.000,Electrónica,Este,1896.13,5,482.95
2023-03-17T00:00:00.000,Ropa,Norte,1425.65,4,163.8
2023-03-16T00:00:00.000,Libros,Este,208.24,4,22.37
2023-03-16T00:00:00.000,Deportes,Este,1574.82,8,400.55
2023-03-16T00:00:00.000,Electrónica,Centro,775.74,9,147.81
2023-03-16T00:00:00.000,Hogar,Centro,559.04,6,122.42
2023-03-16T00:00:00.000,Ropa,Sur,1397.22,4,280.5
2023-03-15T00:00:00.000,Hogar,Norte,1637.55,3,627.4
2023-03-14T00:00:00.000,Deportes,Oeste,1533.66,6,175.02
2023-03-13T00:00:00.000,Hogar,Oeste,1459.34,1,441.03
2023-03-13T00:00:00.000,Ropa,Sur,806.92,4,194.17
2023-03-11T00:00:00.000,Hogar,Sur,428.03,1,64.6
2023-03-10T00:00:00.000,Electrónica,Sur,210.43,6,35.3
2023-03-10T00:00:00.000,Hogar,Oeste,620.15,7,114.36
2023-03-10T00:00:00.000,Hogar,Oeste,445.13,8,88.02
2023-03-10T00:00:00.000,Libros,Centro,444.4,6,85.95
2023-03-08T00:00:00.000,Electrónica,Oeste,1682.38,5,511.29
2023-03-06T00:00:00.000,Hogar,Oeste,700.58,9,119.57
2023-03-06T00:00:00.000,Hogar,Oeste,1287.01,1,403.22
2023-03-04T00:00:00.000,Hogar,Norte,475.5,4,85.66
2023-03-04T00:00:00.000,Deportes,Sur,1605.58,9,288.26
2023-03-04T00:00:00.000,Electrónica,Norte,959.3,3,360.27
2023-03-04T00:00:00.000,Ropa,Sur,236.03,1,40.08
2023-03-03T00:00:00.000,Libros,Centro,574.26,1,124.24
2023-03-02T00:00:00.000,Electrónica,Este,564.92,5,133.9
2023-02-28T00:00:00.000,Electrónica,Oeste,669.22,6,133.96
2023-02-28T00:00:00.000,Electrónica,Centro,1115.83,9,288.18
2023-02-27T00:00:00.000,Electrónica,Norte,279.23,7,103.84
2023-02-27T00:00:00.000,Electrónica,Norte,1062.49,3,335.5
2023-02-27T00:00:00.000,Ropa,Centro,629.72,2,143.97
2023-02-27T00:00:00.000,Hogar,Este,79.47,8,11.25
2023-02-25T00:00:00.000,Ropa,Centro,110.74,1,20.72
2023-02-25T00:00:00.000,Hogar,Norte,1781.83,7,597.91
2023-02-24T00:00:00.000,Ropa,Oeste,1663.73,9,339.96
2023-02-24T00:00:00.000,Libros,Centro,888.47,5,263.22
2023-02-23T00:00:00.000,Ropa,Oeste,725.72,4,155.41
2023-02-23T00:00:00.000,Electrónica,Centro,1027.49,6,334.49
2023-02-23T00:00:00.000,Electrónica,Centro,60.36,4,10.68
2023-02-23T00:00:00.000,Electrónica,Oeste,1663.64,7,578.02
2023-02-22T00:00:00.000,Hogar,Sur,450.4,7,98.52
2023-02-22T00:00:00.000,Libros,Centro,1924.91,4,523.24
2023-02-22T00:00:00.000,Ropa,Norte,1151.92,7,417.98
2023-02-22T00:00:00.000,Ropa,Sur,1068.89,5,388.57
2023-02-22T00:00:00.000,Libros,Centro,661.96,6,145.97
2023-02-20T00:00:00.000,Ropa,Centro,1124.76,2,145.21
2023-02-20T00:00:00.000,Ropa,Este,399.76,2,97.58
2023-02-20T00:00:00.000,Hogar,Oeste,1004.32,4,178.98
2023-02-20T00:00:00.000,Electrónica,Este,1881.18,7,373.92
2023-02-20T00:00:00.000,Electrónica,Este,676.27,9,126.31
2023-02-18T00:00:00.000,Deportes,Centro,399.55,8,125.62
2023-02-18T00:00:00.000,Electrónica,Oeste,1135.73,3,188.64
2023-02-17T00:00:00.000,Ropa,Oeste,1764.41,6,499.07
2023-02-17T00:00:00.000,Electrónica,Norte,1520.82,6,169.28
2023-02-16T00:00:00.000,Ropa,Oeste,317.44,5,32.94
2023-02-16T00:00:00.000,Electrónica,Norte,222.35,1,34.83
2023-02-16T00:00:00.000,Hogar,Oeste,886.44,3,144.23
2023-02-16T00:00:00.000,Libros,Sur,1938.65,5,505.39
2023-02-16T00:00:00.000,Hogar,Este,1195.79,2,188.36
2023-02-15T00:00:00.000,Libros,Sur,654.09,5,124.56
2023-02-15T00:00:00.000,Hogar,Oeste,1639.13,7,540.52
2023-02-12T00:00:00.000,Ropa,Norte,228.21,9,78.38
2023-02-12T00:00:00.000,Electrónica,Centro,1820.29,3,517.91
2023-02-11T00:00:00.000,Electrónica,Sur,703.79,8,155.91
2023-02-11T00:00:00.000,Libros,Oeste,1874.19,1,248.98
2023-02-11T00:00:00.000,Electrónica,Sur,848.86,1,181.15
2023-02-10T00:00:00.000,Electrónica,Oeste,776.39,8,310.16
2023-02-10T00:00:00.000,Electrónica,Centro,1986.85,6,721.69
2023-02-10T00:00:00.000,Hogar,Centro,746.21,6,128.83
2023-02-10T00:00:00.000,Hogar,Oeste,85.34,9,24.44
2023-02-09T00:00:00.000,Hogar,Este,1365.83,2,471.43
2023-02-08T00:00:00.000,Hogar,Oeste,362.71,3,70.81
2023-02-08T00:00:00.000,Deportes,Centro,246.91,7,47.63
2023-02-08T00:00:00.000,Electrónica,Centro,779.15,6,272.61
2023-02-08T00:00:00.000,Ropa,Centro,93.73,8,11.17
2023-02-08T00:00:00.000,Hogar,Oeste,255.52,7,45.13
2023-02-07T00:00:00.000,Hogar,Oeste,72.27,5,11.61
2023-02-06T00:00:00.000,Deportes,Centro,1603.53,5,215.63
2023-02-06T00:00:00.000,Hogar,Este,1066.83,4,380.65
2023-02-06T00:00:00.000,Electrónica,Oeste,1223.03,1,395.91
2023-02-05T00:00:00.000,Electrónica,Sur,600.83,9,84.78
2023-02-05T00:00:00.000,Ropa,Este,865.75,3,97.24
2023-02-04T00:00:00.000,Electrónica,Oeste,578.07,4,158.86
2023-02-04T00:00:00.000,Deportes,Oeste,192.51,7,73.01
2023-02-03T00:00:00.000,Libros,Oeste,1860.83,6,488.3
2023-02-03T00:00:00.000,Electrónica,Este,1525.62,8,495.23
2023-02-03T00:00:00.000,Hogar,Norte,183.99,6,71.05
2023-02-02T00:00:00.000,Hogar,Norte,815.29,8,212.37
2023-02-02T00:00:00.000,Ropa,Oeste,1583.1,6,431.77
2023-02-01T00:00:00.000,Electrónica,Oeste,1273.29,9,364.74
2023-01-29T00:00:00.000,Electrónica,Centro,203.93,3,44.93
2023-01-29T00:00:00.000,Hogar,Norte,1643.95,5,202.57
2023-01-29T00:00:00.000,Libros,Sur,1496.2,9,382.26
2023-01-29T00:00:00.000,Deportes,Centro,1589.12,1,269.21
2023-01-28T00:00:00.000,Electrónica,Oeste,303.66,3,62.96
2023-01-28T00:00:00.000,Electrónica,Oeste,137.58,1,45.67
2023-01-28T00:00:00.000,Electrónica,Centro,1992.51,7,233.46
2023-01-28T00:00:00.000,Deportes,Sur,1057.56,1,176.8
2023-01-27T00:00:00.000,Electrónica,Centro,343.42,8,61.17
2023-01-27T00:00:00.000,Electrónica,Este,1424.5,6,505.24
2023-01-26T00:00:00.000,Hogar,Oeste,399.74,6,68.28
2023-01-26T00:00:00.000,Hogar,Centro,1136.81,6,383.78
2023-01-25T00:00:00.000,Deportes,Centro,607.13,8,106.58
2023-01-25T00:00:00.000,Ropa,Centro,637.04,9,213.34
2023-01-25T00:00:00.000,Hogar,Oeste,1536.49,3,441.84
2023-01-23T00:00:00.000,Ropa,Oeste,179.8,6,32.76
2023-01-23T00:00:00.000,Hogar,Centro,801.92,9,317.52
2023-01-23T00:00:00.000,Libros,Centro,161.11,2,22.74
2023-01-23T00:00:00.000,Libros,Este,417.65,9,140.63
2023-01-22T00:00:00.000,Deportes,Sur,1686.04,3,212.65
2023-01-22T00:00:00.000,Electrónica,Norte,585.67,9,97.49
2023-01-21T00:00:00.000,Deportes,Sur,1364.55,7,425.32
2023-01-21T00:00:00.000,Deportes,Oeste,1963.33,3,430.02
2023-01-20T00:00:00.000,Electrónica,Oeste,1514.33,3,489.81
2023-01-19T00:00:00.000,Ropa,Este,1349.6,2,473.61
2023-01-19T00:00:00.000,Electrónica,Centro,128.12,9,30.26
2023-01-18T00:00:00.000,Libros,Oeste,701.4,6,201.49
2023-01-18T00:00:00.000,Deportes,Centro,618.35,4,155.89
2023-01-17T00:00:00.000,Deportes,Oeste,1127.78,5,262.92
2023-01-17T00:00:00.000,Hogar,Sur,170.53,4,31.59
2023-01-16T00:00:00.000,Ropa,Oeste,1833.37,6,694.08
2023-01-15T00:00:00.000,Hogar,Norte,907.49,9,150.67
2023-01-15T00:00:00.000,Hogar,Sur,994.85,7,179.41
2023-01-15T00:00:00.000,Hogar,Sur,495.92,5,160.29
2023-01-15T00:00:00.000,Ropa,Oeste,520.92,6,113.39
2023-01-15T00:00:00.000,Hogar,Oeste,423.61,2,151.49
2023-01-14T00:00:00.000,Hogar,Norte,434.01,8,104.33
2023-01-13T00:00:00.000,Deportes,Norte,1187.22,8,332.28
2023-01-12T00:00:00.000,Electrónica,Norte,275.02,6,55.71
2023-01-12T00:00:00.000,Electrónica,Oeste,1490.51,7,227.12
2023-01-11T00:00:00.000,Electrónica,Norte,946.19,9,144.58
2023-01-11T00:00:00.000,Libros,Sur,63.41,3,12.59
2023-01-10T00:00:00.000,Electrónica,Centro,1166.58,7,320.07
2023-01-10T00:00:00.000,Ropa,Sur,1460.72,7,421.49
2023-01-09T00:00:00.000,Electrónica,Norte,1443.13,1,445.88
2023-01-09T00:00:00.000,Ropa,Centro,1769.3,4,467.55
2023-01-08T00:00:00.000,Ropa,Centro,1399.54,9,143.64
2023-01-08T00:00:00.000,Libros,Norte,1045.63,2,265.87
2023-01-08T00:00:00.000,Hogar,Este,1350.35,7,236.67
2023-01-07T00:00:00.000,Hogar,Oeste,1612.82,1,481.5
2023-01-07T00:00:00.000,Hogar,Este,1997.84,5,394.17
2023-01-06T00:00:00.000,Electrónica,Centro,1886.3,8,205.01
2023-01-05T00:00:00.000,Libros,Norte,1585.72,6,530.82
2023-01-05T00:00:00.000,Libros,Norte,991.93,4,281.65
2023-01-05T00:00:00.000,Electrónica,Sur,1651.71,7,622.86
2023-01-05T00:00:00.000,Hogar,Sur,1264.13,6,321.37
2023-01-05T00:00:00.000,Hogar,Sur,682.8,5,160.51
2023-01-04T00:00:00.000,Hogar,Oeste,658.16,7,237.52
2023-01-04T00:00:00.000,Electrónica,Centro,1409.41,1,358.22
2023-01-03T00:00:00.000,Electrónica,Este,686.95,7,264.92
2023-01-02T00:00:00.000,Electrónica,Centro,1595.56,5,564.34
2023-01-02T00:00:00.000,Deportes,Centro,1188.36,7,342.92
2023-01-02T00:00:00.000,Ropa,Sur,879.19,9,220.45
2023-01-01T00:00:00.000,Libros,Sur,1536.77,6,582.27
2023-01-01T00:00:00.000,Ropa,Este,1140.17,1,192.82
2023-01-01T00:00:00.000,Libros,Este,1478.18,3,455.98
2023-01-01T00:00:00.000,Electrónica,Norte,1615.48,2,379.69
